CHEMBL ID,Exp.pKi,Pred.pKi
CHEMBL233535,4,3.9983017
CHEMBL3695269,4.02,4.0416303
CHEMBL1076554,4.03,4.4552827
CHEMBL3698760,4.07,4.127716
CHEMBL3698851,4.08,4.1088634
CHEMBL3695276,4.09,4.129585
CHEMBL210665,4.12,4.1198177
CHEMBL240001,4.13,4.1728477
CHEMBL3698850,4.22,4.249084
CHEMBL3695231,4.24,4.261195
CHEMBL3695271,4.24,4.262949
CHEMBL234771,4.25,4.279232
CHEMBL3698848,4.26,4.8464913
CHEMBL3665435,4.26,4.2537155
CHEMBL3698781,4.27,4.261195
CHEMBL3698754,4.27,4.2906566
CHEMBL3695261,4.28,4.32486
CHEMBL3665436,4.28,4.282772
CHEMBL485,4.28,4.2902393
CHEMBL3698782,4.31,4.465926
CHEMBL3698765,4.32,4.374223
CHEMBL3695279,4.33,4.363022
CHEMBL3698753,4.34,4.3160443
CHEMBL3698842,4.36,4.4062176
CHEMBL3695286,4.36,4.38398
CHEMBL474708,4.36,4.4064674
CHEMBL3698844,4.36,4.3534794
CHEMBL3695240,4.38,4.386902
CHEMBL3698893,4.4,4.3891387
CHEMBL108417,4.41,4.4363694
CHEMBL3698778,4.42,4.3990297
CHEMBL240657,4.42,4.4649706
CHEMBL3698847,4.42,4.3978148
CHEMBL3695255,4.43,4.421603
CHEMBL3695262,4.45,4.3654776
CHEMBL3695228,4.45,4.4514165
CHEMBL3698779,4.46,4.4490404
CHEMBL3695257,4.47,4.4514575
CHEMBL228686,4.48,4.4774075
CHEMBL510201,4.48,4.533914
CHEMBL3698853,4.5,4.538068
CHEMBL3695222,4.53,4.528994
CHEMBL3698858,4.53,4.561693
CHEMBL233501,4.55,4.54402
CHEMBL3695285,4.55,4.546138
CHEMBL3698834,4.55,4.504493
CHEMBL3698756,4.55,4.5670776
CHEMBL3698841,4.56,4.5605245
CHEMBL3695244,4.58,4.598611
CHEMBL3898898,4.59,4.5884004
CHEMBL3698785,4.6,4.611997
CHEMBL3698846,4.61,4.615341
CHEMBL3698771,4.62,4.6026936
CHEMBL233957,4.63,4.620833
CHEMBL3698836,4.63,4.606291
CHEMBL474091,4.63,4.6598105
CHEMBL3698789,4.64,4.6507316
CHEMBL3665444,4.64,4.6626897
CHEMBL228738,4.65,4.6539617
CHEMBL3695217,4.66,4.7252913
CHEMBL3665440,4.66,4.465926
CHEMBL374602,4.66,4.631798
CHEMBL3698770,4.68,4.6703234
CHEMBL3695260,4.71,4.6371517
CHEMBL4544086,4.72,4.7621546
CHEMBL401234,4.72,4.768629
CHEMBL397761,4.73,4.73286
CHEMBL228964,4.74,4.7420015
CHEMBL3695243,4.75,4.897724
CHEMBL3698856,4.75,4.755395
CHEMBL73131,4.76,4.7697625
CHEMBL3698769,4.77,4.7586603
CHEMBL106366,4.78,4.8710055
CHEMBL239820,4.79,4.7733526
CHEMBL3665425,4.79,4.780076
CHEMBL3698773,4.8,4.7972097
CHEMBL3698776,4.81,4.7606783
CHEMBL230942,4.82,4.868452
CHEMBL228687,4.82,4.7584605
CHEMBL230415,4.82,4.850153
CHEMBL428563,4.83,4.8602886
CHEMBL231874,4.84,4.745306
CHEMBL3695221,4.85,4.4552827
CHEMBL608815,4.85,4.8776474
CHEMBL233503,4.86,4.88973
CHEMBL388122,4.86,4.8607745
CHEMBL4109258,4.87,4.9358983
CHEMBL3695236,4.87,4.881596
CHEMBL3698764,4.88,4.899718
CHEMBL3698852,4.88,4.842696
CHEMBL3695224,4.89,4.872092
CHEMBL2387334,4.89,4.905867
CHEMBL2387335,4.89,4.905867
CHEMBL70311,4.91,4.95713
CHEMBL3698790,4.92,4.8738804
CHEMBL389109,4.92,4.911134
CHEMBL241067,4.94,4.950428
CHEMBL3942346,4.94,4.9502835
CHEMBL3698878,4.96,4.955329
CHEMBL374603,4.96,4.9582033
CHEMBL239821,4.98,5.0185714
CHEMBL3704608,4.99,4.977152
CHEMBL3698774,4.99,5.1338205
CHEMBL4442460,5,5.002141
CHEMBL110933,5,5.044253
CHEMBL3613884,5,5.0293684
CHEMBL211284,5,5.095553
CHEMBL301421,5,5.033647
CHEMBL450850,5,4.8710055
CHEMBL4110417,5,4.9855165
CHEMBL240870,5.01,5.0338464
CHEMBL3698857,5.01,4.897724
CHEMBL419179,5.02,4.9990506
CHEMBL7002,5.02,5.022744
CHEMBL3665422,5.02,5.04099
CHEMBL307235,5.02,4.95713
CHEMBL400036,5.03,5.0082593
CHEMBL216239,5.03,5.0275683
CHEMBL70586,5.03,5.0315876
CHEMBL233748,5.05,5.00865
CHEMBL3698864,5.05,5.052496
CHEMBL230310,5.05,5.0412498
CHEMBL409743,5.05,5.017997
CHEMBL400035,5.07,5.0659747
CHEMBL439212,5.07,5.043828
CHEMBL78010,5.08,5.0441036
CHEMBL228740,5.11,5.1183567
CHEMBL3613883,5.11,5.123106
CHEMBL370912,5.11,5.1307917
CHEMBL599174,5.13,5.1086044
CHEMBL1951699,5.14,5.1499825
CHEMBL2375656,5.14,5.147516
CHEMBL326370,5.15,6.3607054
CHEMBL115998,5.15,5.9311604
CHEMBL324392,5.15,6.2924433
CHEMBL326571,5.15,5.1674175
CHEMBL117319,5.15,5.7685795
CHEMBL325052,5.15,5.155553
CHEMBL117128,5.15,5.9519463
CHEMBL240216,5.16,5.1901364
CHEMBL231352,5.16,5.1397734
CHEMBL370272,5.17,5.1939955
CHEMBL554292,5.18,5.13755
CHEMBL280778,5.18,5.1338205
CHEMBL191180,5.19,5.1762624
CHEMBL4112562,5.21,5.2048903
CHEMBL589260,5.21,5.1809063
CHEMBL3613881,5.22,5.195522
CHEMBL188805,5.23,5.258078
CHEMBL3754431,5.23,5.2446084
CHEMBL1951701,5.24,5.2417884
CHEMBL3612086,5.24,5.2417884
CHEMBL3614085,5.24,5.593016
CHEMBL3753726,5.24,5.3520656
CHEMBL232476,5.25,5.326566
CHEMBL395838,5.25,5.2108436
CHEMBL391703,5.25,5.2469
CHEMBL3698814,5.26,5.278231
CHEMBL231608,5.27,5.3014436
CHEMBL106432,5.28,5.322414
CHEMBL3752127,5.28,5.2686577
CHEMBL3754245,5.28,5.3998775
CHEMBL258669,5.28,5.2686577
CHEMBL2205832,5.29,5.286209
CHEMBL495548,5.3,5.3078413
CHEMBL515681,5.32,5.341103
CHEMBL191014,5.32,5.4045577
CHEMBL391083,5.33,5.3249216
CHEMBL2387336,5.34,5.33386
CHEMBL2113282,5.34,5.3315787
CHEMBL408422,5.34,5.692235
CHEMBL421038,5.35,5.376164
CHEMBL412301,5.36,5.3204474
CHEMBL582929,5.37,6.0834785
CHEMBL3923831,5.37,6.176481
CHEMBL230145,5.38,5.4095364
CHEMBL4110440,5.39,5.394999
CHEMBL3665423,5.39,5.382827
CHEMBL3752001,5.39,5.388748
CHEMBL379138,5.39,5.434673
CHEMBL188841,5.4,5.3901653
CHEMBL498442,5.4,5.388214
CHEMBL445332,5.4,5.3864627
CHEMBL238156,5.41,5.4365687
CHEMBL240896,5.42,5.4301243
CHEMBL3753293,5.43,5.520647
CHEMBL1188090,5.43,5.456294
CHEMBL4107210,5.43,5.412696
CHEMBL168625,5.44,5.43126
CHEMBL543563,5.44,5.4119616
CHEMBL4107537,5.44,5.4119616
CHEMBL4084881,5.45,5.4853997
CHEMBL4116756,5.45,5.4853997
CHEMBL238282,5.46,5.4516783
CHEMBL1195301,5.46,5.4516783
CHEMBL554230,5.46,5.4908743
CHEMBL607048,5.46,5.4516783
CHEMBL4106506,5.47,5.4993253
CHEMBL241112,5.47,5.4758058
CHEMBL233536,5.48,5.4939265
CHEMBL4096973,5.48,5.4704356
CHEMBL4117862,5.48,5.4704356
CHEMBL232066,5.48,5.482299
CHEMBL230943,5.48,5.5025735
CHEMBL4214536,5.49,5.492499
CHEMBL4300303,5.49,5.492499
CHEMBL4465208,5.5,5.4794626
CHEMBL197917,5.51,6.558621
CHEMBL1191325,5.51,5.5235534
CHEMBL542403,5.51,6.558621
CHEMBL4570328,5.51,5.564856
CHEMBL3330669,5.52,5.5001225
CHEMBL228802,5.53,5.525552
CHEMBL431445,5.53,5.5763307
CHEMBL448155,5.53,5.5239544
CHEMBL203356,5.53,5.5706296
CHEMBL2112341,5.53,5.5345426
CHEMBL233327,5.54,5.5295887
CHEMBL1400,5.54,5.5433564
CHEMBL473278,5.54,5.5010376
CHEMBL231049,5.54,5.505852
CHEMBL60533,5.54,5.533138
CHEMBL3698828,5.54,4.8464913
CHEMBL3665419,5.54,5.5423903
CHEMBL3698818,5.54,5.53939
CHEMBL4103205,5.55,5.561346
CHEMBL4116882,5.55,5.585261
CHEMBL455905,5.55,5.54095
CHEMBL55248,5.55,5.739389
CHEMBL2432059,5.55,5.561346
CHEMBL4086783,5.56,5.5621896
CHEMBL4117863,5.56,5.571993
CHEMBL4110373,5.56,5.555464
CHEMBL509260,5.56,5.5621896
CHEMBL4473383,5.57,5.6177983
CHEMBL365410,5.57,5.5487156
CHEMBL154255,5.57,5.5797114
CHEMBL3361433,5.58,5.5970435
CHEMBL4107642,5.58,5.589049
CHEMBL3330664,5.58,5.5816226
CHEMBL1824518,5.59,5.6943913
CHEMBL211226,5.59,5.6438065
CHEMBL238364,5.59,5.590029
CHEMBL3361425,5.6,5.7101717
CHEMBL567213,5.6,5.631935
CHEMBL475094,5.6,6.0001855
CHEMBL49318,5.6,5.632905
CHEMBL441765,5.6,5.6118956
CHEMBL4642215,5.61,5.6288185
CHEMBL187635,5.61,5.3998775
CHEMBL241087,5.61,5.6025014
CHEMBL2180640,5.61,5.6018147
CHEMBL4112358,5.62,5.576587
CHEMBL95847,5.62,5.633135
CHEMBL443601,5.62,5.6320667
CHEMBL333959,5.62,5.6588798
CHEMBL56208,5.62,5.64541
CHEMBL395545,5.62,5.6790195
CHEMBL240005,5.62,5.744952
CHEMBL50098,5.62,5.6470594
CHEMBL473272,5.63,5.6790566
CHEMBL4117593,5.64,5.6420894
CHEMBL235154,5.64,5.6908584
CHEMBL298571,5.64,5.7121367
CHEMBL592300,5.65,5.6880302
CHEMBL442413,5.65,5.6496787
CHEMBL3950863,5.66,5.6879673
CHEMBL4073160,5.66,5.67085
CHEMBL3698901,5.67,5.692063
CHEMBL3890511,5.67,5.5650105
CHEMBL2112345,5.67,5.7088547
CHEMBL54735,5.68,5.6805773
CHEMBL474687,5.69,5.703153
CHEMBL391486,5.69,5.722461
CHEMBL228858,5.7,5.732631
CHEMBL495462,5.7,5.712174
CHEMBL512474,5.7,5.6515636
CHEMBL2418736,5.71,5.7346983
CHEMBL238363,5.72,5.7077312
CHEMBL48157,5.72,5.7985835
CHEMBL110126,5.73,6.9580607
CHEMBL4063231,5.73,5.734449
CHEMBL4116581,5.73,6.9580607
CHEMBL1196909,5.73,5.743882
CHEMBL558597,5.73,5.734449
CHEMBL27093,5.74,5.725153
CHEMBL48974,5.74,5.8019204
CHEMBL55948,5.74,5.74559
CHEMBL558135,5.75,5.757836
CHEMBL321289,5.75,5.738382
CHEMBL51972,5.76,5.7817206
CHEMBL388899,5.77,5.7783623
CHEMBL4168822,5.77,6.136365
CHEMBL374324,5.77,5.700666
CHEMBL3930597,5.77,5.7906294
CHEMBL228690,5.78,5.7724786
CHEMBL515142,5.78,5.7481136
CHEMBL4084291,5.79,5.759028
CHEMBL4117594,5.79,5.8183627
CHEMBL3704607,5.79,5.8183627
CHEMBL240215,5.79,5.7871733
CHEMBL243300,5.8,5.8022
CHEMBL119332,5.8,6.78298
CHEMBL333965,5.82,5.77467
CHEMBL3698904,5.82,5.9186563
CHEMBL208801,5.82,5.8113894
CHEMBL374455,5.82,5.8821344
CHEMBL48420,5.82,5.822064
CHEMBL190030,5.82,5.843511
CHEMBL4299805,5.83,5.8448343
CHEMBL4116120,5.83,5.8099785
CHEMBL52604,5.83,5.8224115
CHEMBL4065350,5.84,5.826256
CHEMBL4116354,5.84,5.826256
CHEMBL570449,5.85,5.9386954
CHEMBL293103,5.85,5.9199166
CHEMBL283617,5.85,5.8123245
CHEMBL431947,5.85,5.8686357
CHEMBL556923,5.85,5.8978844
CHEMBL412098,5.86,5.8505073
CHEMBL393781,5.86,5.894703
CHEMBL237294,5.86,5.8284698
CHEMBL4093848,5.88,5.8787227
CHEMBL4117725,5.88,5.877473
CHEMBL2180637,5.88,5.8787227
CHEMBL474485,5.89,5.883692
CHEMBL219152,5.89,5.9523587
CHEMBL494274,5.89,5.8212795
CHEMBL1814704,5.9,5.8781705
CHEMBL238833,5.9,5.9023995
CHEMBL1814705,5.91,5.739389
CHEMBL136421,5.92,5.982707
CHEMBL432120,5.92,5.896954
CHEMBL1416,5.94,5.897329
CHEMBL4168247,5.95,5.9628553
CHEMBL562139,5.95,5.9771485
CHEMBL10872,5.96,5.966893
CHEMBL4102256,5.96,5.945624
CHEMBL4117595,5.96,5.938804
CHEMBL3698819,5.96,5.940018
CHEMBL295402,5.96,5.945624
CHEMBL219466,5.96,5.978285
CHEMBL2021605,5.96,5.9653816
CHEMBL1766037,5.96,5.926646
CHEMBL3264441,5.97,5.9750223
CHEMBL475707,5.97,5.968023
CHEMBL377357,5.98,6.021259
CHEMBL392893,5.99,5.9942727
CHEMBL316086,5.99,5.978625
CHEMBL272939,5.99,5.9973273
CHEMBL401716,6,5.593016
CHEMBL1951702,6,5.9993277
CHEMBL464250,6,5.9507513
CHEMBL3698825,6,5.968925
CHEMBL71294,6,6.0815854
CHEMBL433508,6,6.036399
CHEMBL228857,6.01,5.9881372
CHEMBL375165,6.02,6.0549283
CHEMBL344000,6.03,6.088655
CHEMBL2112348,6.03,5.986756
CHEMBL56356,6.03,6.0236087
CHEMBL3086745,6.04,6.0578995
CHEMBL513990,6.04,6.0422783
CHEMBL2368320,6.04,6.0422783
CHEMBL377786,6.05,6.0440187
CHEMBL539685,6.05,6.07199
CHEMBL364907,6.05,6.130098
CHEMBL347531,6.06,6.1248827
CHEMBL1852814,6.06,6.0567193
CHEMBL2418737,6.06,6.0179696
CHEMBL60270,6.06,6.0772915
CHEMBL431156,6.07,6.0657086
CHEMBL379928,6.07,6.0736837
CHEMBL219099,6.08,6.0479655
CHEMBL3086744,6.09,6.1377254
CHEMBL259658,6.09,6.0864234
CHEMBL116643,6.1,6.111937
CHEMBL299189,6.1,5.969066
CHEMBL347316,6.11,6.2012076
CHEMBL243091,6.11,5.692235
CHEMBL469188,6.11,6.091548
CHEMBL4249256,6.11,6.102735
CHEMBL1187297,6.12,6.124278
CHEMBL497108,6.12,6.111049
CHEMBL2448129,6.12,6.2672343
CHEMBL1766028,6.12,6.111049
CHEMBL4117954,6.13,6.190232
CHEMBL217950,6.13,6.1639266
CHEMBL260519,6.13,6.1362214
CHEMBL2048774,6.14,6.1357565
CHEMBL3809684,6.14,6.2649183
CHEMBL396392,6.14,6.78298
CHEMBL243092,6.14,6.2235622
CHEMBL2418729,6.14,6.1857066
CHEMBL3350139,6.15,6.478606
CHEMBL421789,6.15,6.151418
CHEMBL28172,6.15,6.16242
CHEMBL236460,6.16,6.1888266
CHEMBL3647962,6.16,6.146134
CHEMBL295237,6.16,6.1692877
CHEMBL238283,6.17,6.135611
CHEMBL283480,6.17,6.1596155
CHEMBL1650847,6.17,6.148649
CHEMBL364133,6.17,6.219929
CHEMBL475107,6.17,6.205602
CHEMBL218506,6.18,6.143348
CHEMBL3698820,6.18,6.7261763
CHEMBL4114002,6.18,6.178791
CHEMBL289494,6.19,6.197522
CHEMBL511621,6.2,6.2078977
CHEMBL26999,6.21,6.1917014
CHEMBL1852788,6.22,6.24803
CHEMBL441914,6.22,6.199929
CHEMBL300877,6.22,6.2520556
CHEMBL209751,6.22,6.2525225
CHEMBL365483,6.23,6.2587423
CHEMBL2418731,6.23,6.2502575
CHEMBL418020,6.23,6.205602
CHEMBL211576,6.23,6.3084183
CHEMBL157313,6.24,7.9247217
CHEMBL596,6.24,6.3086433
CHEMBL403273,6.24,6.1521235
CHEMBL39968,6.26,6.2713985
CHEMBL2448128,6.26,6.6066256
CHEMBL583881,6.26,6.2595973
CHEMBL284414,6.27,6.270254
CHEMBL27716,6.28,6.2959404
CHEMBL437983,6.29,6.270546
CHEMBL40825,6.29,6.3197947
CHEMBL495058,6.29,6.28598
CHEMBL403324,6.29,7.0569673
CHEMBL190766,6.29,6.298826
CHEMBL514662,6.29,6.307936
CHEMBL401789,6.3,6.3402047
CHEMBL1824514,6.3,6.32981
CHEMBL1852672,6.3,6.3638563
CHEMBL441270,6.3,6.32981
CHEMBL1186579,6.3,6.4105463
CHEMBL258172,6.3,6.3044405
CHEMBL3667191,6.31,6.330729
CHEMBL1187356,6.31,6.2672343
CHEMBL500123,6.31,6.3599563
CHEMBL124015,6.31,6.3199453
CHEMBL571862,6.31,6.330729
CHEMBL3264439,6.32,6.298274
CHEMBL195285,6.32,6.2959404
CHEMBL447779,6.32,6.246782
CHEMBL27460,6.32,6.343187
CHEMBL2386891,6.32,6.1896896
CHEMBL447185,6.33,6.281423
CHEMBL291751,6.33,6.279914
CHEMBL1672179,6.34,6.355407
CHEMBL55434,6.34,6.6174088
CHEMBL212375,6.34,6.292155
CHEMBL280827,6.34,6.3581834
CHEMBL441427,6.35,5.7685795
CHEMBL568309,6.35,6.3482575
CHEMBL114203,6.35,6.3646917
CHEMBL2111837,6.35,6.2672343
CHEMBL472669,6.35,6.3625107
CHEMBL3287466,6.35,6.0001855
CHEMBL390882,6.36,7.290708
CHEMBL2448130,6.36,6.291623
CHEMBL211543,6.37,6.3872867
CHEMBL4116350,6.37,6.3454328
CHEMBL2178340,6.38,6.366943
CHEMBL218705,6.38,6.50005
CHEMBL1766045,6.38,6.358826
CHEMBL218980,6.39,6.3368487
CHEMBL396637,6.39,6.3994107
CHEMBL4107680,6.39,6.4339533
CHEMBL515621,6.39,6.854821
CHEMBL2113309,6.4,6.457323
CHEMBL177194,6.42,6.5364614
CHEMBL516389,6.43,6.4167895
CHEMBL2368317,6.43,6.4219027
CHEMBL257895,6.44,6.4662137
CHEMBL403325,6.44,6.6174088
CHEMBL523507,6.44,6.5460167
CHEMBL1739351,6.44,6.376012
CHEMBL236868,6.46,6.523842
CHEMBL104169,6.46,6.4540777
CHEMBL217999,6.46,6.45055
CHEMBL4112656,6.47,6.449394
CHEMBL219554,6.47,6.490183
CHEMBL296922,6.48,6.52814
CHEMBL51838,6.49,6.5127683
CHEMBL160677,6.49,6.608289
CHEMBL511884,6.49,6.5462646
CHEMBL437682,6.49,6.491354
CHEMBL4065740,6.5,6.505611
CHEMBL218909,6.51,6.5148354
CHEMBL139180,6.51,6.593727
CHEMBL1650846,6.51,6.477393
CHEMBL218242,6.52,6.411502
CHEMBL1824511,6.53,6.5089107
CHEMBL1852555,6.53,6.5534253
CHEMBL68341,6.53,6.5534253
CHEMBL45344,6.54,6.5410976
CHEMBL3667198,6.55,6.521262
CHEMBL511302,6.55,6.5486245
CHEMBL366520,6.55,6.537443
CHEMBL1824515,6.56,6.535939
CHEMBL1852393,6.56,6.605984
CHEMBL127463,6.56,6.605984
CHEMBL243195,6.57,6.80442
CHEMBL334898,6.57,6.5582676
CHEMBL557937,6.57,6.634128
CHEMBL471543,6.57,6.5731993
CHEMBL3139319,6.58,6.575838
CHEMBL3217051,6.58,6.575838
CHEMBL4237854,6.58,6.6210165
CHEMBL390480,6.59,6.5360694
CHEMBL2418730,6.59,6.7828655
CHEMBL373446,6.59,6.136365
CHEMBL48241,6.59,6.653839
CHEMBL1921841,6.6,6.581133
CHEMBL170384,6.6,6.789496
CHEMBL281274,6.6,6.600485
CHEMBL192718,6.62,6.6287675
CHEMBL168409,6.62,6.6235857
CHEMBL237934,6.62,6.6782823
CHEMBL219495,6.62,6.562363
CHEMBL283432,6.62,6.6603136
CHEMBL261048,6.62,6.622621
CHEMBL237718,6.63,6.632235
CHEMBL4166622,6.64,6.595735
CHEMBL390866,6.64,6.612032
CHEMBL377340,6.64,6.7946563
CHEMBL3264440,6.66,6.6823297
CHEMBL375803,6.66,6.684183
CHEMBL1766042,6.66,6.6703186
CHEMBL494614,6.66,6.6513195
CHEMBL238280,6.67,6.0834785
CHEMBL430441,6.67,6.7370152
CHEMBL3758348,6.68,6.5758295
CHEMBL319592,6.68,6.728625
CHEMBL575994,6.68,6.661936
CHEMBL4591528,6.7,6.7042303
CHEMBL4074110,6.7,6.6552143
CHEMBL121403,6.7,6.6748867
CHEMBL3678971,6.71,6.7195163
CHEMBL472937,6.72,6.6577134
CHEMBL385392,6.72,7.101774
CHEMBL1766021,6.72,7.601301
CHEMBL515864,6.73,6.7142406
CHEMBL397945,6.73,6.712898
CHEMBL237506,6.73,6.713175
CHEMBL607322,6.74,6.75713
CHEMBL585901,6.74,6.7093487
CHEMBL49143,6.74,6.78071
CHEMBL474755,6.74,6.702896
CHEMBL397148,6.75,6.7460523
CHEMBL3695676,6.76,6.7953405
CHEMBL4073537,6.77,6.7569814
CHEMBL3219616,6.77,6.8568854
CHEMBL294226,6.77,6.772094
CHEMBL3326796,6.77,6.705538
CHEMBL237073,6.77,6.742919
CHEMBL3086758,6.77,6.7516
CHEMBL3219614,6.78,6.7491684
CHEMBL425897,6.78,6.7461634
CHEMBL2178338,6.79,6.478606
CHEMBL607319,6.79,6.7868595
CHEMBL237716,6.79,6.7472835
CHEMBL426470,6.79,6.790859
CHEMBL41245,6.8,6.806574
CHEMBL409225,6.8,6.8227615
CHEMBL394573,6.8,5.9311604
CHEMBL78156,6.8,6.9312096
CHEMBL493687,6.8,6.799347
CHEMBL326103,6.8,6.8434815
CHEMBL61630,6.81,6.815319
CHEMBL513762,6.82,6.8598304
CHEMBL1672178,6.82,6.8527527
CHEMBL492449,6.82,6.846482
CHEMBL4761627,6.82,6.8195114
CHEMBL169703,6.82,6.8013644
CHEMBL299220,6.82,6.8091936
CHEMBL106085,6.82,5.9519463
CHEMBL115917,6.82,6.6174088
CHEMBL1939698,6.82,6.855977
CHEMBL2370431,6.83,6.8239627
CHEMBL494853,6.83,6.8860855
CHEMBL2114225,6.83,6.850581
CHEMBL3809491,6.85,6.869929
CHEMBL212743,6.85,6.837028
CHEMBL1739529,6.86,6.6174088
CHEMBL2418571,6.86,6.8700895
CHEMBL522201,6.88,6.8860855
CHEMBL195787,6.89,6.9877677
CHEMBL92349,6.89,6.8784165
CHEMBL212368,6.89,6.877316
CHEMBL2418572,6.9,6.7828655
CHEMBL363822,6.91,6.896206
CHEMBL235239,6.92,6.9257283
CHEMBL469189,6.92,6.884261
CHEMBL3086757,6.93,6.926449
CHEMBL476600,6.93,6.926449
CHEMBL151476,6.94,6.9409695
CHEMBL2418733,6.94,6.9432173
CHEMBL2114223,6.95,6.945633
CHEMBL275025,6.95,6.945633
CHEMBL90305,6.96,6.9495687
CHEMBL336664,6.96,6.9784546
CHEMBL402135,6.96,6.9713726
CHEMBL3219615,6.97,6.942558
CHEMBL189430,6.97,6.9428253
CHEMBL396636,6.97,6.989622
CHEMBL373057,6.97,6.983263
CHEMBL2178339,6.98,6.9279995
CHEMBL4241031,6.98,6.9965453
CHEMBL3895484,7,7.01647
CHEMBL3947549,7,7.0030236
CHEMBL3944763,7,7.00314
CHEMBL3986988,7,7.0080485
CHEMBL3985420,7,6.9948006
CHEMBL3975896,7,6.9814663
CHEMBL3990535,7,6.9997983
CHEMBL3944063,7,7.037012
CHEMBL3990726,7,7.0488024
CHEMBL3971000,7,7.020984
CHEMBL3948980,7,8.213705
CHEMBL3990512,7,7.0078807
CHEMBL3990593,7,7.036044
CHEMBL3942979,7,7.0033493
CHEMBL3990742,7,7.016898
CHEMBL3990362,7,7.1046023
CHEMBL3927259,7,7.01647
CHEMBL3919667,7,6.9631753
CHEMBL3990175,7,7.0030565
CHEMBL3963911,7,7.023577
CHEMBL3991311,7,6.960065
CHEMBL3954621,7,7.023671
CHEMBL3990324,7,7.0025673
CHEMBL3901466,7,6.9966507
CHEMBL3990086,7,7.0018935
CHEMBL3990537,7,7.1234756
CHEMBL3942380,7,6.986649
CHEMBL3912877,7,6.9912634
CHEMBL3965191,7,6.998825
CHEMBL3990383,7,6.9940767
CHEMBL3964093,7,6.9716034
CHEMBL3990592,7,7.088248
CHEMBL3990294,7,7.02046
CHEMBL3894611,7,7.051373
CHEMBL3990872,7,6.993802
CHEMBL3918827,7,6.9997983
CHEMBL3991257,7,6.9939356
CHEMBL3899996,7,7.0069437
CHEMBL3930269,7,6.986649
CHEMBL3911517,7,7.036044
CHEMBL3979589,7,7.0462904
CHEMBL3923014,7,7.0009327
CHEMBL3951426,7,7.002891
CHEMBL3904261,7,7.012562
CHEMBL3991056,7,6.9631753
CHEMBL3991143,7,6.998622
CHEMBL3930987,7,6.9948006
CHEMBL3924084,7,6.9877253
CHEMBL3949332,7,6.9933653
CHEMBL3911576,7,7.0075016
CHEMBL3990538,7,6.998622
CHEMBL3908565,7,7.00104
CHEMBL3889993,7,6.992976
CHEMBL3990489,7,7.00104
CHEMBL3924562,7,6.986649
CHEMBL3975358,7,6.986649
CHEMBL3991102,7,7.014392
CHEMBL3911241,7,7.03951
CHEMBL3972380,7,6.789496
CHEMBL3991306,7,6.993802
CHEMBL3964639,7,7.026732
CHEMBL3991103,7,6.952539
CHEMBL3962974,7,6.970193
CHEMBL3990594,7,6.9820504
CHEMBL3914068,7,7.0046477
CHEMBL3938376,7,7.0032268
CHEMBL3990292,7,6.997245
CHEMBL3911926,7,7.052841
CHEMBL3991060,7,6.986649
CHEMBL3914747,7,7.049083
CHEMBL3985084,7,6.986649
CHEMBL3965686,7,7.0228586
CHEMBL3947390,7,7.014392
CHEMBL3904165,7,6.9911613
CHEMBL3991412,7,6.948545
CHEMBL3905164,7,7.0330434
CHEMBL3930104,7,6.953562
CHEMBL3990107,7,7.00104
CHEMBL3892763,7,6.990766
CHEMBL3974531,7,7.0080485
CHEMBL3959139,7,7.0009327
CHEMBL3974741,7,6.997245
CHEMBL3990326,7,6.9877253
CHEMBL3952923,7,7.018719
CHEMBL3910717,7,6.930839
CHEMBL3990087,7,7.012562
CHEMBL3958731,7,7.0523276
CHEMBL3990176,7,6.970193
CHEMBL3990728,7,7.0069437
CHEMBL3990088,7,7.0030565
CHEMBL3936633,7,7.0601516
CHEMBL3990912,7,6.9814663
CHEMBL3951192,7,7.031383
CHEMBL3991309,7,6.990766
CHEMBL3936213,7,7.0075016
CHEMBL3897058,7,6.9983273
CHEMBL3956478,7,6.9994307
CHEMBL3990214,7,7.0257587
CHEMBL3932748,7,6.9994307
CHEMBL3990404,7,7.0486813
CHEMBL3907395,7,7.0009327
CHEMBL3958806,7,6.9821424
CHEMBL3915012,7,6.974936
CHEMBL3892743,7,7.004499
CHEMBL3935106,7,7.036044
CHEMBL3904974,7,6.998622
CHEMBL355202,7,7.0018935
CHEMBL3967052,7,6.958985
CHEMBL3991178,7,6.998825
CHEMBL3905743,7,7.101695
CHEMBL4090365,7,6.9911613
CHEMBL3953716,7,7.0033493
CHEMBL3937755,7,7.0033813
CHEMBL3991007,7,7.0330434
CHEMBL3991061,7,7.074084
CHEMBL199294,7,7.043776
CHEMBL3963804,7,7.0030236
CHEMBL3891950,7,7.020984
CHEMBL3990773,7,6.9789615
CHEMBL3907942,7,6.9464693
CHEMBL3990325,7,6.983221
CHEMBL3956373,7,6.9911613
CHEMBL3958491,7,7.0078807
CHEMBL3915579,7,7.0257587
CHEMBL3991308,7,7.052078
CHEMBL3991059,7,7.0516095
CHEMBL3991456,7,7.040534
CHEMBL3953788,7,6.9874005
CHEMBL3990873,7,6.9912634
CHEMBL2397020,7.02,7.025462
CHEMBL3086746,7.02,7.025462
CHEMBL551074,7.03,6.6066256
CHEMBL127969,7.03,7.054757
CHEMBL4107906,7.03,7.0327325
CHEMBL4636799,7.05,7.0841317
CHEMBL1824512,7.05,6.80442
CHEMBL1852558,7.05,7.088261
CHEMBL397276,7.05,7.088261
CHEMBL219319,7.06,6.7261763
CHEMBL2112473,7.08,7.072774
CHEMBL4061882,7.08,7.0606995
CHEMBL4094170,7.08,7.1355143
CHEMBL324418,7.08,7.0199285
CHEMBL272021,7.1,7.0872583
CHEMBL511816,7.1,7.116922
CHEMBL4082129,7.1,7.0695534
CHEMBL436323,7.1,7.114456
CHEMBL1169582,7.11,7.495245
CHEMBL4596319,7.12,7.0914054
CHEMBL2386823,7.12,7.1987257
CHEMBL72180,7.12,7.099062
CHEMBL392828,7.13,7.129398
CHEMBL4443773,7.13,7.1427355
CHEMBL4597729,7.13,7.051767
CHEMBL493621,7.13,7.129398
CHEMBL492448,7.14,7.164939
CHEMBL336234,7.14,7.170073
CHEMBL2112374,7.15,7.180821
CHEMBL492447,7.15,7.14875
CHEMBL218135,7.15,7.0779366
CHEMBL1202432,7.16,7.2111626
CHEMBL494472,7.17,7.228718
CHEMBL358043,7.18,6.176481
CHEMBL514781,7.19,7.228428
CHEMBL376413,7.19,7.188713
CHEMBL2386819,7.19,7.270099
CHEMBL1766036,7.19,7.202808
CHEMBL1187401,7.2,7.1974773
CHEMBL501739,7.2,7.1974773
CHEMBL1628270,7.21,7.2110815
CHEMBL322796,7.21,7.2110815
CHEMBL236461,7.22,7.2144623
CHEMBL299031,7.22,7.2379355
CHEMBL495074,7.23,7.2499933
CHEMBL209550,7.23,7.3215094
CHEMBL160924,7.23,7.2979918
CHEMBL2408010,7.24,7.3254237
CHEMBL3086749,7.24,7.2167745
CHEMBL114358,7.24,8.030747
CHEMBL219318,7.24,7.1899376
CHEMBL138473,7.24,6.3607054
CHEMBL495073,7.24,7.3099265
CHEMBL236662,7.25,7.202808
CHEMBL260528,7.25,7.304543
CHEMBL563700,7.25,7.304214
CHEMBL254959,7.25,7.2582645
CHEMBL2386902,7.26,7.254302
CHEMBL517567,7.27,7.3627567
CHEMBL41883,7.28,7.287185
CHEMBL2386895,7.28,7.2963734
CHEMBL245049,7.28,7.2440376
CHEMBL329020,7.29,7.230973
CHEMBL515593,7.29,7.2503085
CHEMBL233427,7.29,7.1715703
CHEMBL4437661,7.3,7.307265
CHEMBL4598102,7.3,7.2597413
CHEMBL1766041,7.3,7.307265
CHEMBL377904,7.3,7.3070784
CHEMBL551414,7.3,7.2843266
CHEMBL295295,7.31,7.310035
CHEMBL3695667,7.31,7.3288307
CHEMBL397705,7.31,7.3117967
CHEMBL1193746,7.31,7.267225
CHEMBL392476,7.32,7.3828063
CHEMBL213291,7.33,7.3072987
CHEMBL475108,7.34,7.372406
CHEMBL200700,7.34,7.3093357
CHEMBL4596196,7.35,7.3509755
CHEMBL95408,7.36,7.4607453
CHEMBL571843,7.36,7.323996
CHEMBL4115091,7.37,7.367951
CHEMBL4638693,7.38,7.3487873
CHEMBL322195,7.38,7.440734
CHEMBL241824,7.38,7.453803
CHEMBL514769,7.39,7.433814
CHEMBL98324,7.39,7.101774
CHEMBL316930,7.4,7.444789
CHEMBL514693,7.4,7.4202185
CHEMBL3086747,7.4,7.365032
CHEMBL385048,7.4,7.392905
CHEMBL164577,7.41,7.4918623
CHEMBL236462,7.42,7.409221
CHEMBL3596372,7.42,7.4063673
CHEMBL3598214,7.42,7.4063673
CHEMBL3360832,7.43,7.4044046
CHEMBL610542,7.43,7.2665033
CHEMBL117379,7.43,7.4044046
CHEMBL56246,7.43,6.2924433
CHEMBL232581,7.43,7.695008
CHEMBL232383,7.43,7.508772
CHEMBL272051,7.44,7.557927
CHEMBL3139588,7.44,7.4396567
CHEMBL3217272,7.44,6.854821
CHEMBL435746,7.44,7.4223366
CHEMBL2386821,7.44,7.4223366
CHEMBL2059381,7.46,7.4530473
CHEMBL522375,7.46,7.3956785
CHEMBL66755,7.46,7.5104656
CHEMBL387101,7.47,7.4793205
CHEMBL3104104,7.48,7.5198016
CHEMBL92774,7.48,7.4486356
CHEMBL2114257,7.48,7.453511
CHEMBL319536,7.48,7.4542146
CHEMBL523382,7.49,7.688842
CHEMBL3984601,7.5,7.5443773
CHEMBL426523,7.52,7.519637
CHEMBL242046,7.52,7.601301
CHEMBL415247,7.53,7.0569673
CHEMBL493846,7.53,7.5183864
CHEMBL258115,7.54,7.4787097
CHEMBL3759092,7.54,7.422066
CHEMBL242756,7.54,7.5091615
CHEMBL550471,7.54,7.52052
CHEMBL422560,7.54,8.4949255
CHEMBL232384,7.54,7.5241404
CHEMBL72885,7.55,7.523612
CHEMBL411927,7.55,7.5636
CHEMBL174263,7.56,7.5876794
CHEMBL238316,7.56,7.6112757
CHEMBL2111838,7.56,7.290708
CHEMBL314294,7.57,7.602231
CHEMBL564922,7.57,7.560048
CHEMBL292332,7.58,7.6236377
CHEMBL4632584,7.59,7.597826
CHEMBL317030,7.59,7.626838
CHEMBL4476487,7.6,7.607381
CHEMBL2397016,7.6,7.637431
CHEMBL385280,7.6,7.7361183
CHEMBL1766024,7.6,7.51097
CHEMBL4088609,7.6,7.601301
CHEMBL2178732,7.62,7.589771
CHEMBL431074,7.62,7.628517
CHEMBL320882,7.62,7.7288923
CHEMBL38576,7.62,7.589771
CHEMBL570181,7.64,7.6171346
CHEMBL430833,7.64,7.5965176
CHEMBL3086762,7.64,7.6658
CHEMBL609147,7.64,7.648527
CHEMBL473136,7.65,7.6606007
CHEMBL189571,7.65,7.657426
CHEMBL296230,7.66,7.650788
CHEMBL1187363,7.66,7.6526766
CHEMBL500419,7.66,7.6526766
CHEMBL91683,7.67,7.6136074
CHEMBL317269,7.67,7.6332207
CHEMBL4519976,7.7,7.7475214
CHEMBL4541806,7.7,7.6811776
CHEMBL3959336,7.7,7.708565
CHEMBL550669,7.7,7.6685224
CHEMBL354172,7.7,7.6649046
CHEMBL4574150,7.72,7.7305026
CHEMBL114803,7.72,7.7719984
CHEMBL332947,7.72,7.6582613
CHEMBL367290,7.72,7.717984
CHEMBL55851,7.72,7.7134023
CHEMBL232738,7.72,7.6612735
CHEMBL385448,7.73,7.703829
CHEMBL1834247,7.74,7.7740235
CHEMBL221421,7.74,7.767025
CHEMBL3596371,7.74,7.748456
CHEMBL3598213,7.74,7.7418933
CHEMBL4089193,7.74,7.7056704
CHEMBL551413,7.74,7.727597
CHEMBL1418,7.74,7.745602
CHEMBL3216613,7.74,7.767004
CHEMBL202238,7.74,7.748456
CHEMBL3691865,7.79,7.7835803
CHEMBL4561876,7.8,7.811722
CHEMBL4596318,7.8,7.786425
CHEMBL273105,7.8,7.8086557
CHEMBL317536,7.8,7.8299794
CHEMBL4441036,7.8,7.786279
CHEMBL3939720,7.8,7.8021064
CHEMBL3990213,7.8,7.786279
CHEMBL297467,7.8,7.7910657
CHEMBL3596366,7.81,7.797857
CHEMBL3598302,7.81,7.797857
CHEMBL2397017,7.82,7.8159847
CHEMBL610290,7.82,7.7361183
CHEMBL319236,7.82,7.7785482
CHEMBL3695670,7.82,7.917497
CHEMBL242226,7.82,7.8140697
CHEMBL127828,7.82,7.290708
CHEMBL550261,7.82,7.784265
CHEMBL213228,7.82,7.84336
CHEMBL138930,7.85,7.8503904
CHEMBL4111231,7.86,7.7907057
CHEMBL1196908,7.86,6.558621
CHEMBL558596,7.86,7.8437943
CHEMBL105665,7.86,6.558621
CHEMBL326684,7.88,7.897532
CHEMBL173319,7.89,6.78298
CHEMBL563137,7.89,7.908321
CHEMBL388873,7.89,7.8557577
CHEMBL559414,7.89,8.739184
CHEMBL1181950,7.89,7.7085557
CHEMBL1169583,7.89,7.495245
CHEMBL4088589,7.89,7.911347
CHEMBL4468796,7.9,7.846799
CHEMBL412050,7.91,7.8807225
CHEMBL2178724,7.92,7.9122796
CHEMBL33986,7.92,7.936004
CHEMBL231781,7.92,7.8519454
CHEMBL4435773,7.93,7.924963
CHEMBL495057,7.94,7.688842
CHEMBL4457877,7.95,7.891852
CHEMBL2113303,7.95,7.9316907
CHEMBL607393,7.96,7.943865
CHEMBL494266,7.96,7.8655615
CHEMBL2397022,7.96,7.9802938
CHEMBL3086748,7.96,7.9148846
CHEMBL422567,7.96,7.943865
CHEMBL2397019,7.98,7.963614
CHEMBL3086753,7.98,7.963614
CHEMBL2113372,7.99,8.085944
CHEMBL353930,8,7.878287
CHEMBL327885,8,7.9852824
CHEMBL4544814,8,7.984568
CHEMBL3679612,8.01,7.695008
CHEMBL271815,8.01,8.008907
CHEMBL57628,8.01,8.018338
CHEMBL60869,8.01,7.994218
CHEMBL323281,8.02,7.917497
CHEMBL432045,8.03,8.003776
CHEMBL3309509,8.03,8.247038
CHEMBL3309506,8.03,8.029316
CHEMBL494265,8.03,8.021123
CHEMBL1237044,8.03,7.95412
CHEMBL3139271,8.04,7.9668646
CHEMBL3409105,8.04,8.055687
CHEMBL3596368,8.05,8.067984
CHEMBL3598304,8.05,8.067984
CHEMBL607405,8.06,8.016429
CHEMBL401094,8.07,8.058771
CHEMBL236376,8.07,8.205049
CHEMBL328236,8.07,8.115171
CHEMBL4065490,8.07,8.062178
CHEMBL471048,8.08,8.084866
CHEMBL4070277,8.09,8.097113
CHEMBL1774946,8.09,8.092052
CHEMBL551615,8.09,8.054588
CHEMBL3291214,8.1,8.179692
CHEMBL610292,8.11,6.9580607
CHEMBL413530,8.11,6.9580607
CHEMBL542149,8.11,8.476686
CHEMBL169346,8.12,8.09093
CHEMBL4452187,8.13,8.124059
CHEMBL392477,8.13,8.092411
CHEMBL554426,8.15,8.147335
CHEMBL66018,8.15,8.363878
CHEMBL594301,8.15,8.151563
CHEMBL1169584,8.15,8.147335
CHEMBL327309,8.16,8.185642
CHEMBL562898,8.16,8.166248
CHEMBL4529950,8.17,8.135894
CHEMBL112656,8.19,8.182955
CHEMBL4065743,8.2,8.176774
CHEMBL19019,8.2,8.1414
CHEMBL2110315,8.21,8.267627
CHEMBL257139,8.21,8.142469
CHEMBL585721,8.22,8.108067
CHEMBL4597505,8.23,8.245705
CHEMBL231783,8.23,8.208183
CHEMBL232137,8.23,8.250454
CHEMBL1669151,8.24,8.235867
CHEMBL1743603,8.24,8.145111
CHEMBL110124,8.24,8.235867
CHEMBL551412,8.25,8.276494
CHEMBL3598212,8.25,8.283683
CHEMBL90463,8.25,8.182642
CHEMBL307525,8.26,8.252314
CHEMBL3409106,8.26,8.19306
CHEMBL31030,8.27,8.293317
CHEMBL236663,8.28,8.270585
CHEMBL563988,8.28,8.258196
CHEMBL248840,8.29,8.234806
CHEMBL578629,8.29,8.250902
CHEMBL518712,8.29,8.284096
CHEMBL270190,8.3,8.270576
CHEMBL4577852,8.3,8.290739
CHEMBL222814,8.3,8.205563
CHEMBL3326224,8.31,8.300702
CHEMBL3326226,8.31,8.300702
CHEMBL4453368,8.32,8.334258
CHEMBL4455826,8.32,8.248978
CHEMBL300662,8.32,8.334258
CHEMBL95319,8.33,8.436638
CHEMBL3808835,8.33,8.498434
CHEMBL434867,8.34,8.283202
CHEMBL2113672,8.34,8.770888
CHEMBL3086306,8.34,8.361192
CHEMBL63912,8.35,8.331298
CHEMBL246003,8.35,8.421218
CHEMBL2110199,8.36,8.267627
CHEMBL169367,8.36,8.365742
CHEMBL407466,8.38,8.459882
CHEMBL470005,8.38,8.37934
CHEMBL222579,8.38,8.425467
CHEMBL4649733,8.38,8.319584
CHEMBL226167,8.38,8.346465
CHEMBL592,8.38,8.347522
CHEMBL3954068,8.4,8.568804
CHEMBL607018,8.4,8.296955
CHEMBL4062483,8.4,8.333168
CHEMBL511645,8.41,8.373953
CHEMBL611438,8.41,8.430424
CHEMBL3086754,8.41,8.43115
CHEMBL410526,8.42,8.358414
CHEMBL19982,8.43,8.483466
CHEMBL232740,8.43,8.301626
CHEMBL1198015,8.44,8.247038
CHEMBL3309508,8.44,8.392594
CHEMBL494275,8.46,8.396282
CHEMBL221419,8.47,8.716518
CHEMBL55033,8.47,8.471768
CHEMBL574175,8.48,8.418995
CHEMBL557257,8.48,8.482193
CHEMBL290429,8.48,8.412617
CHEMBL3262093,8.49,8.48988
CHEMBL4463675,8.49,8.438999
CHEMBL4460387,8.49,8.435581
CHEMBL199518,8.49,8.474179
CHEMBL327576,8.51,8.506408
CHEMBL327935,8.51,8.580726
CHEMBL373910,8.52,8.518934
CHEMBL58362,8.52,8.512464
CHEMBL2113376,8.54,8.496182
CHEMBL3309510,8.54,8.750083
CHEMBL595714,8.54,8.53807
CHEMBL399205,8.54,8.561718
CHEMBL3786970,8.55,8.522294
CHEMBL3596369,8.55,8.856645
CHEMBL3598211,8.55,8.529466
CHEMBL252172,8.55,8.467221
CHEMBL427862,8.55,8.522294
CHEMBL4443716,8.57,8.444753
CHEMBL4597980,8.57,8.589526
CHEMBL3596363,8.57,8.570756
CHEMBL611704,8.57,8.670084
CHEMBL3808766,8.57,8.363878
CHEMBL561339,8.57,8.436638
CHEMBL173749,8.57,8.562692
CHEMBL222704,8.57,8.619728
CHEMBL1214049,8.57,8.570756
CHEMBL2113670,8.57,8.619728
CHEMBL1797689,8.59,7.9247217
CHEMBL2368218,8.59,8.586022
CHEMBL4520212,8.6,8.582798
CHEMBL557054,8.6,8.56652
CHEMBL2367604,8.6,8.604854
CHEMBL368600,8.62,8.475139
CHEMBL562478,8.62,8.595329
CHEMBL248839,8.64,8.606603
CHEMBL593583,8.64,8.661727
CHEMBL611400,8.64,8.647271
CHEMBL592908,8.66,8.572257
CHEMBL106027,8.66,8.660939
CHEMBL429588,8.68,8.683187
CHEMBL3291215,8.68,8.650166
CHEMBL438821,8.68,7.601301
CHEMBL4542825,8.7,8.603833
CHEMBL610534,8.7,8.555884
CHEMBL4567073,8.7,8.579309
CHEMBL3220706,8.7,8.673227
CHEMBL3220707,8.7,8.69359
CHEMBL4062974,8.7,8.707534
CHEMBL289683,8.7,8.747568
CHEMBL104042,8.7,8.711525
CHEMBL3990868,8.7,8.983085
CHEMBL4587201,8.72,8.689541
CHEMBL3596365,8.72,8.670723
CHEMBL3598301,8.72,8.735645
CHEMBL217658,8.72,8.66662
CHEMBL238317,8.72,8.618464
CHEMBL302121,8.72,8.689541
CHEMBL605931,8.72,8.740428
CHEMBL3287470,8.72,8.702042
CHEMBL2059382,8.74,8.728593
CHEMBL563893,8.74,8.753397
CHEMBL494462,8.74,8.729489
CHEMBL400436,8.74,8.78433
CHEMBL570448,8.77,8.764987
CHEMBL3137319,8.8,8.75063
CHEMBL3895543,8.8,8.784698
CHEMBL3309512,8.8,8.213705
CHEMBL575682,8.8,8.827159
CHEMBL374228,8.8,8.213705
CHEMBL2179653,8.8,8.893813
CHEMBL4071120,8.8,8.800905
CHEMBL557121,8.8,8.4949255
CHEMBL3086307,8.8,8.745111
CHEMBL610550,8.82,8.792991
CHEMBL495094,8.82,8.875591
CHEMBL2397018,8.82,8.476686
CHEMBL226113,8.82,8.811378
CHEMBL550472,8.82,8.79565
CHEMBL2113377,8.85,8.856981
CHEMBL611933,8.85,8.770863
CHEMBL399708,8.85,8.828172
CHEMBL1834410,8.89,8.85739
CHEMBL3971059,8.89,8.793105
CHEMBL3262092,8.89,8.790948
CHEMBL610883,8.89,8.928392
CHEMBL607126,8.89,8.874641
CHEMBL4067629,8.89,9.00719
CHEMBL4071225,8.89,8.928444
CHEMBL320218,8.89,8.865453
CHEMBL301160,8.89,8.840103
CHEMBL4059786,8.89,8.8875265
CHEMBL355296,8.89,8.909935
CHEMBL4439770,8.92,8.863761
CHEMBL2408019,8.92,8.885289
CHEMBL3262362,8.92,9.030595
CHEMBL2368861,8.92,8.937804
CHEMBL511142,8.92,8.895735
CHEMBL605930,8.92,8.030747
CHEMBL238361,8.92,8.876185
CHEMBL561882,8.92,8.940379
CHEMBL349636,8.92,8.788668
CHEMBL13470,8.92,8.937804
CHEMBL2113382,8.96,8.983085
CHEMBL611695,8.96,8.716518
CHEMBL606872,8.96,8.930498
CHEMBL3287468,8.96,8.925719
CHEMBL169552,8.96,8.983085
CHEMBL1169580,8.96,8.983948
CHEMBL279968,8.96,8.842996
CHEMBL3085528,8.96,8.984058
CHEMBL59092,8.96,8.984274
CHEMBL607351,8.96,8.928127
CHEMBL4468216,9,8.750083
CHEMBL610016,9,8.868102
CHEMBL3309264,9,8.993037
CHEMBL571324,9,8.965387
CHEMBL610015,9.05,9.057914
CHEMBL176537,9.05,9.01172
CHEMBL3262088,9.05,8.893813
CHEMBL3309511,9.05,8.4949255
CHEMBL3309507,9.05,8.977804
CHEMBL556648,9.05,9.03476
CHEMBL419511,9.05,9.011315
CHEMBL4592669,9.1,9.242046
CHEMBL173874,9.1,9.131368
CHEMBL494480,9.1,9.214941
CHEMBL4076681,9.1,9.00719
CHEMBL4092037,9.1,9.093331
CHEMBL605293,9.1,9.13101
CHEMBL2113383,9.15,9.145861
CHEMBL401093,9.15,9.132989
CHEMBL557978,9.15,8.770888
CHEMBL162267,9.15,9.113083
CHEMBL557458,9.15,9.005218
CHEMBL3086305,9.15,9.105176
CHEMBL281986,9.15,9.147898
CHEMBL166853,9.15,9.030595
CHEMBL393965,9.15,9.105176
CHEMBL3786218,9.22,9.189624
CHEMBL3785265,9.22,9.124407
CHEMBL367962,9.22,8.856645
CHEMBL349841,9.22,9.20023
CHEMBL4061334,9.22,8.983085
CHEMBL67996,9.22,9.220423
CHEMBL56585,9.22,9.226158
CHEMBL1790045,9.22,9.188513
CHEMBL3787016,9.3,9.259161
CHEMBL607068,9.3,9.288864
CHEMBL551613,9.3,9.292351
CHEMBL4077003,9.3,7.9247217
CHEMBL514774,9.3,9.297895
CHEMBL4100943,9.3,9.20857
CHEMBL4068691,9.3,9.329575
CHEMBL297428,9.3,9.291579
CHEMBL2338745,9.4,9.419509
CHEMBL172493,9.4,9.370196
CHEMBL368421,9.4,9.304205
CHEMBL494479,9.4,9.343588
CHEMBL226114,9.4,9.384125
CHEMBL3086308,9.4,9.296238
CHEMBL3139481,9.4,9.351905
CHEMBL63477,9.4,9.384205
CHEMBL4094845,9.4,9.384205
CHEMBL607017,9.4,9.390534
CHEMBL511795,9.52,9.470301
CHEMBL569956,9.52,9.500248
CHEMBL3309518,9.52,9.499975
CHEMBL3787263,9.52,9.471767
CHEMBL304196,9.52,9.480104
CHEMBL25230,9.52,9.398065
CHEMBL4103044,9.52,9.5491
CHEMBL199832,9.52,9.510091
CHEMBL375504,9.7,9.614884
CHEMBL226166,9.7,9.601752
CHEMBL368522,9.7,8.739184
CHEMBL281786,9.7,9.705954
CHEMBL3086304,9.7,9.747087
CHEMBL4083940,9.7,9.696588
CHEMBL49269,9.7,9.561405
CHEMBL4066752,9.7,9.654461
CHEMBL4081856,9.7,9.65097
CHEMBL610009,10,9.816284
CHEMBL3785854,10,9.932195
CHEMBL607125,10,9.895832
CHEMBL2113666,10,9.921923
